Player_Name,Year,Stint,Team,League,Games,At_Bats,Runs,Hits,Doubles,Triples,Home_Runs,Runs_Batted_In,Stolen_Bases,Caught_Stealing,Bases_on_Balls,Strike_Outs,Intentional_Walks,Hits_by_Pitch,Sacrifice_Hits,Sacrifice_Flies,Ground_Into_Double_Plays,Player_ID,Batting_Avg,OnBase_Percentage,Runs_Batted_In_Calculated
Mookie Betts,2018,1,BOS,AL,136,520,129,180,47,5,32,80.0,30.0,6.0,81,91.0,8.0,8.0,0.0,5.0,5.0,bettsmo01,0.34615384615384615,0.4381107491856677,84
J. D. Martinez,2018,1,BOS,AL,150,569,111,188,37,2,43,130.0,6.0,1.0,69,146.0,11.0,4.0,0.0,7.0,19.0,martijd02,0.3304042179261863,0.40215716486902925,82
Jose Altuve,2018,1,HOU,AL,137,534,84,169,29,2,13,61.0,17.0,4.0,55,79.0,4.0,6.0,3.0,1.0,17.0,altuvjo01,0.31647940074906367,0.3859060402684564,44
Manny Machado,2018,1,BAL,AL,96,365,48,115,21,1,24,65.0,8.0,1.0,45,51.0,12.0,0.0,0.0,3.0,14.0,machama01,0.3150684931506849,0.387409200968523,46
Mike Trout,2018,1,LAA,AL,140,471,101,147,24,4,39,79.0,24.0,2.0,122,124.0,25.0,10.0,0.0,4.0,5.0,troutmi01,0.31210191082802546,0.4596375617792422,67
Michael Brantley,2018,1,CLE,AL,143,570,89,176,36,2,17,76.0,12.0,3.0,48,60.0,0.0,5.0,1.0,6.0,15.0,brantmi02,0.3087719298245614,0.3640699523052464,55
Jon Jay,2018,1,KCA,AL,59,238,28,73,9,2,1,18.0,3.0,2.0,19,39.0,0.0,3.0,4.0,2.0,4.0,jayjo02,0.3067226890756303,0.36259541984732824,12
Whit Merrifield,2018,1,KCA,AL,158,632,88,192,43,3,12,60.0,45.0,10.0,61,114.0,2.0,6.0,2.0,6.0,12.0,merriwh01,0.3037974683544304,0.36737588652482267,58
Jean Segura,2018,1,SEA,AL,144,586,91,178,29,3,10,63.0,20.0,11.0,32,69.0,2.0,4.0,4.0,6.0,17.0,segurje01,0.3037542662116041,0.34076433121019106,42
Robinson Cano,2018,1,SEA,AL,80,310,44,94,22,0,10,50.0,0.0,0.0,32,47.0,2.0,4.0,0.0,2.0,9.0,canoro01,0.3032258064516129,0.3735632183908046,32
Joey Wendle,2018,1,TBA,AL,139,487,62,146,33,6,7,61.0,16.0,4.0,37,96.0,4.0,9.0,2.0,10.0,11.0,wendljo01,0.2997946611909651,0.35359116022099446,46
Nick Castellanos,2018,1,DET,AL,157,620,88,185,46,5,23,89.0,2.0,1.0,49,151.0,5.0,6.0,0.0,3.0,8.0,casteni01,0.29838709677419356,0.35398230088495575,74
Wilson Ramos,2018,1,TBA,AL,78,293,30,87,14,0,14,53.0,0.0,0.0,22,61.0,1.0,0.0,0.0,0.0,17.0,ramoswi01,0.29692832764505117,0.346031746031746,28
Miguel Andujar,2018,1,NYA,AL,149,573,83,170,47,2,27,92.0,2.0,1.0,25,97.0,2.0,4.0,0.0,4.0,9.0,andujmi01,0.29668411867364747,0.32838283828382836,76
Nick Martini,2018,1,OAK,AL,55,152,26,45,9,3,1,19.0,0.0,0.0,21,36.0,1.0,5.0,0.0,1.0,0.0,martini02,0.29605263157894735,0.39664804469273746,13
Mallex Smith,2018,1,TBA,AL,141,480,65,142,27,10,2,40.0,40.0,12.0,47,98.0,0.0,8.0,7.0,2.0,11.0,smithma05,0.29583333333333334,0.36685288640595903,39
Matt Duffy,2018,1,TBA,AL,132,503,59,148,22,1,4,44.0,12.0,6.0,47,93.0,1.0,7.0,1.0,2.0,12.0,duffyma01,0.294234592445328,0.3613595706618962,27
Andrelton Simmons,2018,1,LAA,AL,146,554,68,162,26,5,11,75.0,10.0,2.0,35,44.0,2.0,5.0,1.0,5.0,17.0,simmoan01,0.2924187725631769,0.337228714524207,42
Kevan Smith,2018,1,CHA,AL,52,171,21,50,6,0,3,21.0,1.0,0.0,10,18.0,0.0,5.0,0.0,1.0,5.0,smithke04,0.29239766081871343,0.34759358288770054,9
Yuli Gurriel,2018,1,HOU,AL,136,537,70,156,33,1,13,85.0,5.0,1.0,23,63.0,0.0,6.0,0.0,7.0,22.0,gourryu01,0.2905027932960894,0.3228621291448517,47
Andrew Benintendi,2018,1,BOS,AL,148,579,103,168,41,6,16,87.0,21.0,3.0,71,106.0,1.0,2.0,2.0,7.0,9.0,beninan01,0.29015544041450775,0.36570561456752654,63
Xander Bogaerts,2018,1,BOS,AL,136,513,72,148,45,3,23,103.0,8.0,2.0,55,102.0,4.0,6.0,0.0,6.0,14.0,bogaexa01,0.2884990253411306,0.3603448275862069,71
Jorge Polanco,2018,1,MIN,AL,77,302,38,87,18,3,6,42.0,7.0,7.0,25,62.0,0.0,2.0,3.0,1.0,5.0,polanjo01,0.28807947019867547,0.34545454545454546,27
Eddie Rosario,2018,1,MIN,AL,138,559,87,161,31,2,24,77.0,8.0,2.0,30,104.0,5.0,0.0,1.0,2.0,4.0,rosared01,0.2880143112701252,0.32318104906937395,57
Alex Bregman,2018,1,HOU,AL,157,594,105,170,51,1,31,103.0,10.0,4.0,96,85.0,2.0,12.0,0.0,3.0,15.0,bregmal01,0.28619528619528617,0.3943262411347518,83
Shohei Ohtani,2018,1,LAA,AL,114,326,59,93,21,2,22,61.0,10.0,4.0,37,102.0,2.0,2.0,0.0,1.0,2.0,ohtansh01,0.2852760736196319,0.36065573770491804,45
Mitch Haniger,2018,1,SEA,AL,157,596,90,170,38,4,26,93.0,8.0,2.0,70,148.0,4.0,10.0,0.0,7.0,8.0,hanigmi01,0.28523489932885904,0.36603221083455345,68
Joe Mauer,2018,1,MIN,AL,127,486,64,137,27,1,6,48.0,0.0,1.0,51,86.0,5.0,2.0,1.0,3.0,9.0,mauerjo01,0.28189300411522633,0.3505535055350554,34
Lourdes Gurriel,2018,1,TOR,AL,65,249,30,70,8,0,11,35.0,1.0,2.0,9,59.0,1.0,2.0,1.0,2.0,2.0,gurrilo01,0.28112449799196787,0.30916030534351147,19
Adam Jones,2018,1,BAL,AL,145,580,54,163,35,0,15,63.0,7.0,1.0,24,93.0,1.0,5.0,0.0,4.0,21.0,jonesad01,0.2810344827586207,0.3132137030995106,50
Melky Cabrera,2018,1,CLE,AL,78,250,28,70,17,0,6,39.0,1.0,1.0,20,38.0,0.0,3.0,0.0,5.0,10.0,cabreme01,0.28,0.3345323741007194,23
Steve Pearce,2018,2,BOS,AL,50,136,19,38,8,1,7,26.0,0.0,0.0,22,27.0,0.0,5.0,0.0,2.0,1.0,pearcst01,0.27941176470588236,0.3939393939393939,16
Aaron Judge,2018,1,NYA,AL,112,413,77,115,22,0,27,67.0,6.0,3.0,76,152.0,3.0,4.0,0.0,5.0,10.0,judgeaa01,0.2784503631961259,0.39156626506024095,49
Matt Chapman,2018,1,OAK,AL,145,547,100,152,42,6,24,68.0,1.0,2.0,58,146.0,0.0,9.0,0.0,2.0,18.0,chapmma01,0.27787934186471663,0.3555194805194805,72
Willy Adames,2018,1,TBA,AL,85,288,43,80,7,0,10,34.0,6.0,5.0,31,95.0,3.0,1.0,1.0,2.0,6.0,adamewi01,0.2777777777777778,0.34782608695652173,17
Brock Holt,2018,1,BOS,AL,109,321,41,89,18,2,7,46.0,7.0,7.0,37,73.0,2.0,7.0,0.0,2.0,7.0,holtbr01,0.2772585669781931,0.36239782016348776,27
Francisco Lindor,2018,1,CLE,AL,158,661,129,183,42,2,38,92.0,25.0,10.0,70,107.0,7.0,8.0,3.0,3.0,5.0,lindofr01,0.27685325264750377,0.35175202156334234,82
Adalberto Mondesi,2018,1,KCA,AL,75,275,47,76,13,3,14,37.0,32.0,7.0,11,77.0,0.0,1.0,3.0,1.0,2.0,mondera02,0.27636363636363637,0.3055555555555556,30
Tyler White,2018,1,HOU,AL,66,210,27,58,12,3,12,42.0,0.0,1.0,24,49.0,0.0,2.0,0.0,1.0,1.0,whitety01,0.2761904761904762,0.35443037974683544,27
Omar Narvaez,2018,1,CHA,AL,97,280,30,77,14,1,9,30.0,0.0,2.0,38,65.0,1.0,2.0,2.0,0.0,5.0,narvaom01,0.275,0.365625,24
Renato Nunez,2018,2,BAL,AL,60,200,26,55,13,0,7,20.0,0.0,0.0,16,50.0,0.0,3.0,0.0,1.0,4.0,nunezre01,0.275,0.33636363636363636,20
David Fletcher,2018,1,LAA,AL,80,284,35,78,18,2,1,25.0,3.0,0.0,15,34.0,0.0,3.0,3.0,2.0,7.0,fletcda02,0.2746478873239437,0.3157894736842105,21
Eduardo Escobar,2018,1,MIN,AL,97,368,45,101,37,3,15,63.0,1.0,3.0,34,91.0,6.0,3.0,0.0,3.0,7.0,escobed01,0.27445652173913043,0.3382352941176471,55
Robbie Grossman,2018,1,MIN,AL,129,396,50,108,27,1,5,48.0,0.0,1.0,60,83.0,0.0,2.0,2.0,5.0,2.0,grossro01,0.2727272727272727,0.367170626349892,33
Adrian Beltre,2018,1,TEX,AL,119,433,49,118,23,1,15,65.0,1.0,0.0,34,96.0,2.0,6.0,0.0,8.0,13.0,beltrad01,0.27251732101616627,0.3284823284823285,39
Ben Gamel,2018,1,SEA,AL,101,257,37,70,14,4,1,19.0,7.0,3.0,31,61.0,1.0,4.0,0.0,1.0,4.0,gamelbe01,0.2723735408560311,0.3583617747440273,19
Denard Span,2018,2,SEA,AL,94,294,36,80,15,6,7,30.0,3.0,2.0,23,55.0,0.0,5.0,0.0,6.0,5.0,spande01,0.272108843537415,0.32926829268292684,28
Gleyber Torres,2018,1,NYA,AL,123,431,54,117,16,1,24,77.0,6.0,2.0,42,122.0,3.0,5.0,1.0,5.0,8.0,torregl01,0.271461716937355,0.33954451345755693,41
Leury Garcia,2018,1,CHA,AL,82,258,23,70,7,4,4,32.0,12.0,1.0,9,69.0,0.0,3.0,4.0,1.0,2.0,garcile02,0.2713178294573643,0.3025830258302583,15
Jose Ramirez,2018,1,CLE,AL,157,578,110,156,38,4,39,105.0,34.0,6.0,106,80.0,15.0,8.0,0.0,6.0,2.0,ramirjo01,0.2698961937716263,0.3868194842406877,81
Craig Gentry,2018,1,BAL,AL,68,156,13,42,5,2,1,11.0,12.0,3.0,11,31.0,0.0,1.0,1.0,0.0,2.0,gentrcr01,0.2692307692307692,0.32142857142857145,8
Jake Cave,2018,1,MIN,AL,91,283,54,76,17,2,13,45.0,2.0,1.0,18,102.0,2.0,3.0,2.0,3.0,2.0,caveja01,0.26855123674911663,0.31596091205211724,32
Jose Iglesias,2018,1,DET,AL,125,432,43,116,31,3,5,48.0,15.0,6.0,19,47.0,0.0,8.0,3.0,2.0,11.0,iglesjo01,0.26851851851851855,0.31019522776572667,39
Mitch Garver,2018,1,MIN,AL,103,302,38,81,19,2,7,45.0,0.0,0.0,29,72.0,2.0,2.0,1.0,1.0,8.0,garvemi01,0.2682119205298013,0.33532934131736525,28
Dee Gordon,2018,1,SEA,AL,141,556,62,149,17,8,4,36.0,30.0,12.0,9,80.0,0.0,9.0,9.0,5.0,10.0,gordode01,0.26798561151079137,0.28842832469775476,29
Didi Gregorius,2018,1,NYA,AL,134,504,89,135,23,5,27,86.0,10.0,6.0,48,69.0,3.0,7.0,1.0,9.0,8.0,gregodi01,0.26785714285714285,0.3345070422535211,55
Stephen Piscotty,2018,1,OAK,AL,151,546,78,146,41,0,27,88.0,2.0,0.0,42,114.0,0.0,12.0,0.0,5.0,21.0,piscost01,0.2673992673992674,0.3305785123966942,68
Jim Adduci,2018,1,DET,AL,59,176,19,47,8,2,3,21.0,1.0,0.0,6,45.0,0.0,0.0,2.0,1.0,2.0,adducji02,0.26704545454545453,0.2896174863387978,13
Jed Lowrie,2018,1,OAK,AL,157,596,78,159,37,1,23,99.0,0.0,0.0,78,128.0,1.0,3.0,0.0,3.0,8.0,lowrije01,0.26677852348993286,0.35294117647058826,61
Giancarlo Stanton,2018,1,NYA,AL,158,617,102,164,34,1,38,100.0,5.0,0.0,70,211.0,5.0,8.0,0.0,10.0,17.0,stantmi03,0.26580226904376014,0.3432624113475177,73
Yan Gomes,2018,1,CLE,AL,112,403,52,107,26,0,16,48.0,0.0,0.0,21,119.0,2.0,8.0,0.0,3.0,4.0,gomesya01,0.2655086848635236,0.31264367816091954,42
Erik Gonzalez,2018,1,CLE,AL,81,136,17,36,10,1,1,16.0,3.0,0.0,5,34.0,0.0,2.0,0.0,0.0,0.0,gonzaer01,0.2647058823529412,0.3006993006993007,12
George Springer,2018,1,HOU,AL,140,544,102,144,26,0,22,71.0,6.0,4.0,64,122.0,0.0,5.0,0.0,3.0,12.0,springe01,0.2647058823529412,0.3457792207792208,48
Eduardo Nunez,2018,1,BOS,AL,127,480,56,127,23,3,10,44.0,7.0,2.0,16,69.0,0.0,2.0,1.0,3.0,17.0,nunezed02,0.26458333333333334,0.2894211576846307,36
Jorge Soler,2018,1,KCA,AL,61,223,27,59,18,0,9,28.0,3.0,1.0,28,69.0,0.0,4.0,0.0,2.0,6.0,solerjo01,0.2645739910313901,0.3540856031128405,27
Jose Abreu,2018,1,CHA,AL,128,499,68,132,36,1,22,78.0,2.0,0.0,37,109.0,7.0,11.0,0.0,6.0,14.0,abreujo02,0.26452905811623245,0.325497287522604,59
Tyler Naquin,2018,1,CLE,AL,61,174,22,46,7,0,3,23.0,1.0,1.0,6,42.0,1.0,2.0,0.0,1.0,1.0,naquity01,0.26436781609195403,0.29508196721311475,10
Shin-Soo Choo,2018,1,TEX,AL,146,560,83,148,30,1,21,62.0,6.0,1.0,92,156.0,2.0,10.0,1.0,2.0,11.0,choosh01,0.2642857142857143,0.37650602409638556,52
Aledmys Diaz,2018,1,TOR,AL,130,422,55,111,26,0,18,55.0,3.0,4.0,23,62.0,2.0,3.0,0.0,4.0,9.0,diazal02,0.26303317535545023,0.3030973451327434,44
Tony Kemp,2018,1,HOU,AL,97,255,37,67,15,0,6,30.0,9.0,3.0,32,44.0,1.0,3.0,3.0,1.0,7.0,kempto01,0.2627450980392157,0.35051546391752575,21
Danny Valencia,2018,1,BAL,AL,79,255,28,67,8,1,9,28.0,1.0,1.0,22,53.0,2.0,0.0,0.0,5.0,8.0,valenda01,0.2627450980392157,0.31560283687943264,18
Daniel Robertson,2018,1,TBA,AL,88,282,46,74,16,0,9,34.0,2.0,2.0,43,77.0,0.0,13.0,0.0,2.0,7.0,roberda10,0.2624113475177305,0.38235294117647056,25
Isiah Kiner-Falefa,2018,1,TEX,AL,111,356,43,93,18,2,4,34.0,7.0,5.0,28,62.0,1.0,6.0,5.0,1.0,14.0,kineris01,0.2612359550561798,0.3248081841432225,24
Mark Trumbo,2018,1,BAL,AL,90,330,41,86,12,0,17,44.0,0.0,0.0,24,87.0,0.0,2.0,0.0,2.0,10.0,trumbma01,0.2606060606060606,0.3128491620111732,29
John Hicks,2018,1,DET,AL,81,288,35,75,12,1,9,32.0,0.0,1.0,22,84.0,0.0,0.0,1.0,1.0,9.0,hicksjo02,0.2604166666666667,0.31189710610932475,22
Logan Forsythe,2018,2,MIN,AL,50,178,19,46,6,0,0,14.0,1.0,0.0,24,40.0,0.0,3.0,0.0,0.0,5.0,forsylo01,0.25842696629213485,0.35609756097560974,6
Chad Pinder,2018,1,OAK,AL,110,298,43,77,12,1,13,27.0,0.0,2.0,27,88.0,1.0,6.0,2.0,0.0,4.0,pindech01,0.25838926174496646,0.3323262839879154,26
Jonathan Villar,2018,2,BAL,AL,54,209,28,54,4,0,8,24.0,21.0,3.0,22,58.0,0.0,3.0,1.0,1.0,4.0,villajo01,0.2583732057416268,0.33617021276595743,12
Adeiny Hechavarria,2018,1,TBA,AL,61,217,29,56,7,0,3,26.0,1.0,0.0,12,37.0,1.0,0.0,2.0,6.0,4.0,hechaad01,0.25806451612903225,0.28936170212765955,10
Nomar Mazara,2018,1,TEX,AL,128,489,61,126,25,1,20,77.0,1.0,0.0,40,116.0,2.0,4.0,0.0,3.0,13.0,mazarno01,0.25766871165644173,0.31716417910447764,46
Justin Upton,2018,1,LAA,AL,145,533,80,137,18,1,30,85.0,8.0,2.0,64,176.0,1.0,10.0,0.0,6.0,12.0,uptonju01,0.2570356472795497,0.3442088091353997,49
Greg Allen,2018,1,CLE,AL,91,265,36,68,11,3,2,20.0,21.0,4.0,14,58.0,1.0,7.0,4.0,1.0,5.0,allengr01,0.25660377358490566,0.31010452961672474,16
Nelson Cruz,2018,1,SEA,AL,144,519,70,133,18,1,37,97.0,1.0,0.0,55,122.0,5.0,14.0,0.0,3.0,15.0,cruzne02,0.25626204238921,0.34179357021996615,56
Elvis Andrus,2018,1,TEX,AL,97,395,53,101,20,3,6,33.0,5.0,3.0,28,66.0,0.0,3.0,0.0,2.0,8.0,andruel01,0.25569620253164554,0.308411214953271,29
Marcus Semien,2018,1,OAK,AL,159,632,89,161,35,2,15,70.0,14.0,6.0,61,131.0,1.0,1.0,2.0,7.0,12.0,semiema01,0.254746835443038,0.3181169757489301,52
Jurickson Profar,2018,1,TEX,AL,146,524,82,133,35,6,20,77.0,10.0,0.0,54,88.0,1.0,12.0,0.0,4.0,9.0,profaju01,0.2538167938931298,0.335016835016835,61
C. J. Cron,2018,1,TBA,AL,140,501,68,127,28,1,30,74.0,1.0,2.0,37,145.0,2.0,17.0,0.0,5.0,11.0,croncj01,0.25349301397205587,0.32321428571428573,59
Rougned Odor,2018,1,TEX,AL,129,474,76,120,23,2,18,63.0,12.0,12.0,43,127.0,2.0,11.0,2.0,5.0,5.0,odorro01,0.25316455696202533,0.32645403377110693,43
Kevin Pillar,2018,1,TOR,AL,142,512,65,129,40,2,15,59.0,14.0,3.0,18,98.0,0.0,6.0,0.0,6.0,8.0,pillake01,0.251953125,0.2822878228782288,57
Leonys Martin,2018,1,DET,AL,78,303,45,76,15,3,9,29.0,7.0,3.0,29,75.0,1.0,3.0,0.0,1.0,1.0,martile01,0.2508250825082508,0.32142857142857145,27
Ehire Adrianza,2018,1,MIN,AL,114,335,42,84,23,1,6,39.0,5.0,1.0,24,82.0,2.0,1.0,4.0,2.0,4.0,adriaeh01,0.2507462686567164,0.3011049723756906,30
Victor Martinez,2018,1,DET,AL,133,467,32,117,21,0,9,54.0,0.0,0.0,32,49.0,4.0,2.0,0.0,7.0,19.0,martivi01,0.2505353319057816,0.297244094488189,30
Yonder Alonso,2018,1,CLE,AL,145,516,64,129,19,0,23,83.0,0.0,0.0,51,123.0,1.0,2.0,0.0,5.0,10.0,alonsyo01,0.25,0.3170731707317073,42
Kendrys Morales,2018,1,TOR,AL,130,413,47,103,15,0,21,57.0,2.0,3.0,50,95.0,5.0,3.0,0.0,5.0,15.0,moralke01,0.24939467312348668,0.33121019108280253,36
Mark Canha,2018,1,OAK,AL,122,365,60,91,22,0,17,52.0,1.0,2.0,34,88.0,3.0,10.0,0.0,2.0,11.0,canhama01,0.2493150684931507,0.3284671532846715,39
Mike Moustakas,2018,1,KCA,AL,98,378,46,94,21,1,20,62.0,3.0,0.0,30,63.0,3.0,5.0,0.0,4.0,10.0,moustmi01,0.24867724867724866,0.30935251798561153,42
Aaron Hicks,2018,1,NYA,AL,137,480,90,119,18,3,27,79.0,11.0,2.0,90,111.0,1.0,3.0,2.0,6.0,1.0,hicksaa01,0.24791666666666667,0.36614853195164077,48
Luke Maile,2018,1,TOR,AL,68,202,22,50,13,1,3,27.0,2.0,0.0,25,67.0,0.0,2.0,0.0,2.0,4.0,mailelu01,0.24752475247524752,0.3333333333333333,17
Marwin Gonzalez,2018,1,HOU,AL,145,489,61,121,25,3,16,68.0,2.0,3.0,53,126.0,3.0,3.0,5.0,2.0,14.0,gonzama01,0.2474437627811861,0.3235831809872029,44
Matt Olson,2018,1,OAK,AL,162,580,85,143,33,0,29,84.0,2.0,1.0,70,163.0,3.0,8.0,0.0,2.0,13.0,olsonma02,0.24655172413793103,0.33484848484848484,62
Khris Davis,2018,1,OAK,AL,151,576,98,142,28,1,48,123.0,0.0,0.0,59,175.0,5.0,12.0,0.0,7.0,16.0,daviskh01,0.2465277777777778,0.3256880733944954,77
Edwin Encarnacion,2018,1,CLE,AL,137,500,74,123,16,1,32,107.0,3.0,0.0,63,132.0,2.0,8.0,0.0,7.0,14.0,encared01,0.246,0.3356401384083045,49
Niko Goodrum,2018,1,DET,AL,131,444,55,109,29,3,16,53.0,12.0,4.0,42,132.0,1.0,4.0,0.0,2.0,9.0,goodrni01,0.24549549549549549,0.3150406504065041,48
Randal Grichuk,2018,1,TOR,AL,124,424,60,104,32,1,25,61.0,3.0,2.0,27,122.0,0.0,8.0,0.0,3.0,5.0,grichra01,0.24528301886792453,0.3008658008658009,58
Albert Pujols,2018,1,LAA,AL,117,465,50,114,20,0,19,64.0,1.0,0.0,28,65.0,3.0,2.0,0.0,3.0,12.0,pujolal01,0.24516129032258063,0.2891566265060241,39
Alex Gordon,2018,1,KCA,AL,141,506,56,124,24,0,13,54.0,12.0,2.0,50,124.0,4.0,10.0,0.0,2.0,7.0,gordoal01,0.2450592885375494,0.323943661971831,37
Mitch Moreland,2018,1,BOS,AL,124,404,57,99,23,4,15,68.0,2.0,0.0,50,102.0,2.0,0.0,0.0,5.0,12.0,morelmi01,0.24504950495049505,0.32461873638344224,42
Curtis Granderson,2018,1,TOR,AL,104,302,48,74,21,1,11,35.0,2.0,1.0,42,96.0,1.0,3.0,1.0,1.0,3.0,grandcu01,0.24503311258278146,0.34195402298850575,33
Joey Rickard,2018,1,BAL,AL,79,213,27,52,10,1,8,23.0,4.0,2.0,15,55.0,0.0,2.0,0.0,0.0,3.0,rickajo01,0.24413145539906103,0.3,19
Austin Romine,2018,1,NYA,AL,77,242,30,59,12,0,10,42.0,1.0,0.0,17,67.0,0.0,2.0,1.0,3.0,10.0,rominau01,0.24380165289256198,0.29545454545454547,22
Jonathan Schoop,2018,1,BAL,AL,85,349,45,85,18,1,17,40.0,0.0,1.0,12,74.0,1.0,3.0,1.0,2.0,8.0,schoojo01,0.24355300859598855,0.273224043715847,36
Josh Reddick,2018,1,HOU,AL,134,433,63,105,13,2,17,47.0,7.0,2.0,49,77.0,3.0,0.0,1.0,2.0,9.0,reddijo01,0.24249422632794457,0.3181818181818182,32
Trey Mancini,2018,1,BAL,AL,156,582,69,141,23,3,24,58.0,0.0,1.0,44,153.0,1.0,5.0,0.0,5.0,17.0,mancitr01,0.2422680412371134,0.29874213836477986,50
Lucas Duda,2018,1,KCA,AL,87,310,34,75,12,1,13,48.0,1.0,0.0,24,95.0,2.0,8.0,0.0,3.0,4.0,dudalu01,0.24193548387096775,0.3101449275362319,26
Carlos Sanchez,2018,1,CHA,AL,155,600,62,145,34,10,8,55.0,14.0,6.0,49,138.0,0.0,8.0,2.0,3.0,9.0,sanchca01,0.24166666666666667,0.30606060606060603,52
Justin Smoak,2018,1,TOR,AL,147,505,67,122,34,0,25,77.0,0.0,1.0,83,156.0,2.0,3.0,0.0,3.0,11.0,smoakju01,0.24158415841584158,0.3501683501683502,59
Jonathan Lucroy,2018,1,OAK,AL,126,415,41,100,21,1,4,51.0,0.0,0.0,29,65.0,1.0,3.0,1.0,6.0,12.0,lucrojo01,0.24096385542168675,0.2913907284768212,26
Rafael Devers,2018,1,BOS,AL,121,450,59,108,24,0,21,66.0,5.0,2.0,38,121.0,6.0,0.0,0.0,2.0,9.0,deverra01,0.24,0.2979591836734694,45
Tim Anderson,2018,1,CHA,AL,153,567,77,136,28,3,20,64.0,26.0,8.0,30,149.0,2.0,4.0,2.0,3.0,15.0,anderti01,0.23985890652557318,0.2814569536423841,51
Daniel Palka,2018,1,CHA,AL,124,417,56,100,15,3,27,67.0,2.0,1.0,30,153.0,3.0,2.0,0.0,0.0,7.0,palkada01,0.23980815347721823,0.29398663697104677,45
Teoscar Hernandez,2018,1,TOR,AL,134,476,67,114,29,7,22,57.0,5.0,5.0,41,163.0,0.0,3.0,0.0,3.0,14.0,hernate01,0.23949579831932774,0.30210325047801145,58
Ian Kinsler,2018,1,LAA,AL,91,355,49,85,20,0,13,32.0,9.0,4.0,30,40.0,0.0,4.0,0.0,2.0,10.0,kinslia01,0.23943661971830985,0.30434782608695654,33
Carlos Correa,2018,1,HOU,AL,110,402,60,96,20,1,15,65.0,3.0,0.0,53,111.0,3.0,2.0,0.0,11.0,17.0,correca01,0.23880597014925373,0.32264957264957267,36
Rosell Herrera,2018,2,KCA,AL,75,265,25,63,14,3,1,20.0,3.0,4.0,19,52.0,0.0,2.0,1.0,2.0,6.0,herrero02,0.23773584905660378,0.2916666666666667,18
Guillermo Heredia,2018,1,SEA,AL,125,292,29,69,14,1,5,19.0,2.0,4.0,32,52.0,0.0,4.0,7.0,2.0,4.0,heredgu01,0.2363013698630137,0.3181818181818182,20
Avisail Garcia,2018,1,CHA,AL,93,356,47,84,11,2,19,49.0,3.0,1.0,20,102.0,2.0,4.0,0.0,5.0,9.0,garciav01,0.23595505617977527,0.2805194805194805,32
Brett Gardner,2018,1,NYA,AL,140,530,95,125,20,7,12,45.0,16.0,2.0,65,107.0,0.0,5.0,4.0,5.0,6.0,gardnbr01,0.2358490566037736,0.32231404958677684,39
Adam Engel,2018,1,CHA,AL,143,429,49,101,17,4,6,29.0,16.0,8.0,18,129.0,0.0,8.0,7.0,1.0,1.0,engelad01,0.23543123543123542,0.27850877192982454,27
Ryon Healy,2018,1,SEA,AL,133,493,51,116,15,0,24,73.0,0.0,0.0,27,113.0,0.0,2.0,0.0,2.0,21.0,healyry01,0.23529411764705882,0.2767175572519084,39
Yoan Moncada,2018,1,CHA,AL,149,578,73,136,32,6,17,61.0,12.0,6.0,67,217.0,1.0,1.0,2.0,2.0,4.0,moncayo01,0.23529411764705882,0.3148148148148148,55
Salvador Perez,2018,1,KCA,AL,129,510,52,120,23,0,27,80.0,1.0,1.0,17,108.0,0.0,12.0,0.0,5.0,19.0,perezsa02,0.23529411764705882,0.27389705882352944,50
Ronald Guzman,2018,1,TEX,AL,123,387,46,91,18,2,16,58.0,1.0,0.0,33,121.0,2.0,7.0,0.0,1.0,8.0,guzmaro01,0.2351421188630491,0.3060747663551402,36
Jackie Bradley,2018,1,BOS,AL,144,474,76,111,33,4,13,59.0,17.0,1.0,46,137.0,3.0,11.0,0.0,4.0,6.0,bradlja02,0.23417721518987342,0.31401869158878504,50
Devon Travis,2018,1,TOR,AL,103,357,41,83,14,3,11,44.0,3.0,2.0,16,64.0,1.0,5.0,0.0,0.0,8.0,travide01,0.23249299719887956,0.2751322751322751,28
Alcides Escobar,2018,1,KCA,AL,140,485,54,112,22,3,4,34.0,8.0,2.0,29,74.0,1.0,5.0,8.0,4.0,14.0,escobal02,0.2309278350515464,0.27915869980879543,29
Tim Beckham,2018,1,BAL,AL,96,369,45,85,17,0,12,35.0,1.0,2.0,27,100.0,0.0,3.0,1.0,2.0,10.0,beckhti01,0.23035230352303523,0.286783042394015,29
Jason Kipnis,2018,1,CLE,AL,147,530,65,122,28,1,18,75.0,7.0,1.0,60,112.0,1.0,7.0,1.0,3.0,5.0,kipnija01,0.23018867924528302,0.315,47
Hunter Dozier,2018,1,KCA,AL,102,362,36,83,19,4,11,34.0,2.0,3.0,24,109.0,0.0,1.0,0.0,1.0,12.0,doziehu01,0.2292817679558011,0.27835051546391754,34
Blake Swihart,2018,1,BOS,AL,82,192,28,44,10,0,3,18.0,6.0,1.0,15,57.0,0.0,0.0,0.0,0.0,4.0,swihabl01,0.22916666666666666,0.28502415458937197,13
Matt Davidson,2018,1,CHA,AL,126,434,51,99,23,0,20,62.0,0.0,0.0,52,165.0,0.0,7.0,0.0,3.0,8.0,davidma02,0.22811059907834103,0.3185483870967742,43
Brian Dozier,2018,1,MIN,AL,104,410,65,93,21,2,16,52.0,8.0,3.0,46,96.0,1.0,3.0,0.0,3.0,7.0,doziebr01,0.22682926829268293,0.30735930735930733,39
Yangervis Solarte,2018,1,TOR,AL,122,468,50,106,20,0,17,54.0,1.0,3.0,31,72.0,1.0,3.0,1.0,3.0,21.0,solarya01,0.2264957264957265,0.27722772277227725,37
Max Stassi,2018,1,HOU,AL,88,221,28,50,13,0,8,27.0,0.0,0.0,23,74.0,0.0,6.0,0.0,0.0,6.0,stassma01,0.22624434389140272,0.316,21
Evan Gattis,2018,1,HOU,AL,128,407,49,92,17,0,25,78.0,1.0,0.0,33,101.0,2.0,3.0,0.0,8.0,13.0,gattiev01,0.22604422604422605,0.2838137472283814,42
Carlos Tocci,2018,1,TEX,AL,66,120,11,27,3,2,0,5.0,0.0,3.0,7,39.0,0.0,1.0,6.0,1.0,2.0,toccica01,0.225,0.2713178294573643,5
Jorge Bonifacio,2018,1,KCA,AL,69,236,31,53,16,2,4,23.0,0.0,1.0,29,71.0,1.0,2.0,1.0,2.0,3.0,bonifjo01,0.2245762711864407,0.31226765799256506,22
Jeimer Candelario,2018,1,DET,AL,144,539,78,121,28,3,19,54.0,3.0,2.0,66,160.0,1.0,9.0,0.0,5.0,4.0,candeje01,0.22448979591836735,0.3166397415185784,50
Rajai Davis,2018,1,CLE,AL,101,196,33,44,6,1,1,6.0,21.0,7.0,11,48.0,0.0,4.0,4.0,1.0,2.0,davisra01,0.22448979591836735,0.2783018867924528,8
Dustin Fowler,2018,1,OAK,AL,69,192,19,43,3,2,6,23.0,6.0,4.0,8,47.0,0.0,1.0,0.0,2.0,2.0,fowledu01,0.22395833333333334,0.2561576354679803,11
Max Kepler,2018,1,MIN,AL,156,532,80,119,30,4,20,58.0,4.0,5.0,71,96.0,2.0,5.0,0.0,3.0,8.0,keplema01,0.2236842105263158,0.3191489361702128,54
Martin Maldonado,2018,1,LAA,AL,78,265,24,59,14,0,5,32.0,0.0,1.0,13,73.0,0.0,10.0,1.0,1.0,3.0,maldoma01,0.22264150943396227,0.2837370242214533,19
Robinson Chirinos,2018,1,TEX,AL,113,360,48,80,15,1,18,65.0,2.0,0.0,45,140.0,0.0,19.0,0.0,2.0,7.0,chiriro01,0.2222222222222222,0.3380281690140845,34
Victor Reyes,2018,1,DET,AL,100,212,35,47,5,3,1,12.0,9.0,1.0,5,46.0,0.0,0.0,1.0,1.0,4.0,reyesvi01,0.22169811320754718,0.23853211009174313,9
Kyle Seager,2018,1,SEA,AL,155,583,62,129,36,1,22,78.0,2.0,2.0,38,138.0,3.0,5.0,0.0,4.0,10.0,seageky01,0.22126929674099485,0.273015873015873,59
James McCann,2018,1,DET,AL,118,427,31,94,16,0,8,39.0,0.0,3.0,26,116.0,0.0,2.0,0.0,2.0,9.0,mccanja02,0.22014051522248243,0.26695842450765866,24
Ronny Rodriguez,2018,1,DET,AL,62,191,17,42,7,0,5,20.0,2.0,0.0,10,42.0,0.0,0.0,3.0,2.0,7.0,rodriro03,0.2198952879581152,0.2561576354679803,12
Neil Walker,2018,1,NYA,AL,113,347,48,76,12,1,11,46.0,0.0,0.0,42,87.0,3.0,5.0,0.0,4.0,3.0,walkene01,0.21902017291066284,0.30904522613065327,24
Caleb Joseph,2018,1,BAL,AL,82,265,28,58,14,2,3,17.0,2.0,1.0,10,68.0,0.0,3.0,1.0,1.0,3.0,josepca01,0.2188679245283019,0.25448028673835127,19
Zack Cozart,2018,1,LAA,AL,58,224,29,49,13,2,5,18.0,0.0,0.0,19,42.0,0.0,7.0,0.0,3.0,7.0,cozarza01,0.21875,0.2964426877470356,20
Kevin Kiermaier,2018,1,TBA,AL,88,332,44,72,12,9,7,29.0,10.0,5.0,25,91.0,2.0,6.0,2.0,2.0,4.0,kiermke01,0.21686746987951808,0.2821917808219178,28
Jefry Marte,2018,1,LAA,AL,90,194,28,42,7,1,7,22.0,1.0,1.0,13,41.0,0.0,2.0,0.0,0.0,6.0,marteje01,0.21649484536082475,0.2727272727272727,15
Delino DeShields,2018,1,TEX,AL,106,334,52,72,14,1,2,22.0,20.0,4.0,43,83.0,0.0,3.0,12.0,1.0,1.0,deshide02,0.2155688622754491,0.30971128608923887,17
Nick Delmonico,2018,1,CHA,AL,88,284,31,61,11,5,8,25.0,1.0,2.0,27,80.0,1.0,6.0,0.0,1.0,7.0,delmoni01,0.2147887323943662,0.29559748427672955,24
Johnny Field,2018,1,TBA,AL,63,169,20,36,9,0,6,14.0,4.0,0.0,7,58.0,0.0,2.0,1.0,0.0,3.0,fieldjo04,0.21301775147928995,0.25280898876404495,15
Brian McCann,2018,1,HOU,AL,63,189,22,40,3,0,7,23.0,0.0,1.0,19,40.0,0.0,6.0,0.0,2.0,7.0,mccanbr01,0.21164021164021163,0.30092592592592593,10
Jake Marisnick,2018,1,HOU,AL,103,213,34,45,8,1,10,28.0,6.0,2.0,15,84.0,1.0,4.0,1.0,1.0,6.0,marisja01,0.2112676056338028,0.27467811158798283,19
Andrew Romine,2018,1,SEA,AL,75,119,15,25,2,1,0,2.0,1.0,0.0,7,39.0,0.0,1.0,4.0,0.0,2.0,rominan01,0.21008403361344538,0.25984251968503935,3
Jesus Sucre,2018,1,TBA,AL,73,182,9,38,5,0,1,17.0,1.0,0.0,9,29.0,2.0,1.0,4.0,2.0,4.0,sucreje01,0.2087912087912088,0.24742268041237114,6
Carlos Gomez,2018,1,TBA,AL,118,360,42,75,15,2,9,32.0,12.0,3.0,25,103.0,0.0,21.0,2.0,0.0,6.0,gomezca01,0.20833333333333334,0.29802955665024633,26
Kole Calhoun,2018,1,LAA,AL,137,491,71,102,18,2,19,57.0,6.0,2.0,53,133.0,2.0,1.0,0.0,6.0,9.0,calhoko01,0.20773930753564154,0.2831215970961887,39
Matthew Joyce,2018,1,OAK,AL,83,207,34,43,9,0,7,15.0,0.0,2.0,35,53.0,2.0,1.0,1.0,2.0,3.0,joycema01,0.20772946859903382,0.3224489795918367,16
JaCoby Jones,2018,1,DET,AL,129,429,54,89,22,6,11,34.0,13.0,5.0,24,142.0,0.0,11.0,1.0,2.0,9.0,jonesja07,0.20745920745920746,0.26609442060085836,39
Christian Vazquez,2018,1,BOS,AL,80,251,24,52,10,0,3,16.0,4.0,1.0,13,41.0,1.0,4.0,1.0,0.0,5.0,vazquch01,0.20717131474103587,0.2574626865671642,13
Brandon Guyer,2018,1,CLE,AL,104,194,25,40,11,0,7,27.0,1.0,1.0,15,48.0,0.0,11.0,1.0,0.0,5.0,guyerbr01,0.20618556701030927,0.3,18
Joey Gallo,2018,1,TEX,AL,148,500,82,103,24,1,40,92.0,3.0,4.0,74,207.0,4.0,3.0,0.0,0.0,3.0,gallojo01,0.206,0.3119584055459272,65
Dixon Machado,2018,1,DET,AL,67,214,20,44,13,1,1,21.0,1.0,1.0,14,41.0,1.0,3.0,1.0,1.0,2.0,machadi01,0.205607476635514,0.2629310344827586,15
Mikie Mahtook,2018,1,DET,AL,67,223,24,45,4,2,9,29.0,4.0,1.0,21,66.0,1.0,3.0,0.0,3.0,3.0,mahtomi01,0.20179372197309417,0.276,15
Jake Bauers,2018,1,TBA,AL,96,323,48,65,22,2,11,48.0,6.0,6.0,54,104.0,0.0,3.0,2.0,6.0,3.0,bauerja01,0.20123839009287925,0.3160621761658031,35
Mike Zunino,2018,1,SEA,AL,113,373,37,75,18,0,20,44.0,0.0,0.0,24,150.0,0.0,6.0,0.0,2.0,7.0,zuninmi01,0.20107238605898123,0.25925925925925924,38
Miguel Sano,2018,1,MIN,AL,71,266,32,53,14,0,13,41.0,0.0,0.0,31,115.0,0.0,0.0,0.0,2.0,7.0,sanomi01,0.19924812030075187,0.2809364548494983,27
Luis Valbuena,2018,1,LAA,AL,96,266,23,53,9,0,9,33.0,3.0,0.0,19,100.0,3.0,1.0,0.0,2.0,2.0,valbulu01,0.19924812030075187,0.2534722222222222,18
Greg Bird,2018,1,NYA,AL,82,272,23,54,16,1,11,38.0,0.0,0.0,30,78.0,1.0,5.0,0.0,4.0,4.0,birdgr01,0.19852941176470587,0.2861736334405145,28
Jace Peterson,2018,2,BAL,AL,93,200,21,39,13,2,3,28.0,13.0,2.0,30,55.0,0.0,3.0,1.0,1.0,8.0,peterja01,0.195,0.3076923076923077,18
Ryan Rua,2018,1,TEX,AL,61,139,17,27,3,1,6,12.0,3.0,1.0,5,53.0,0.0,0.0,2.0,1.0,2.0,ruary01,0.19424460431654678,0.2206896551724138,10
Russell Martin,2018,1,TOR,AL,90,289,37,56,8,0,10,25.0,0.0,3.0,56,82.0,0.0,7.0,0.0,0.0,7.0,martiru01,0.19377162629757785,0.3380681818181818,18
Drew Butera,2018,1,KCA,AL,52,149,11,28,9,0,2,18.0,0.0,0.0,13,37.0,0.0,2.0,0.0,2.0,4.0,buterdr01,0.18791946308724833,0.25903614457831325,11
Gary Sanchez,2018,1,NYA,AL,89,323,51,60,17,0,18,53.0,1.0,0.0,46,94.0,0.0,3.0,0.0,2.0,10.0,sanchga02,0.18575851393188855,0.2914438502673797,35
Logan Morrison,2018,1,MIN,AL,95,318,41,59,13,0,15,39.0,1.0,0.0,34,80.0,0.0,6.0,0.0,1.0,3.0,morrilo01,0.18553459119496854,0.2757660167130919,28
Chance Sisco,2018,1,BAL,AL,63,160,13,29,8,0,2,16.0,1.0,0.0,13,66.0,0.0,11.0,0.0,0.0,2.0,siscoch01,0.18125,0.28804347826086957,10
Abraham Almonte,2018,1,KCA,AL,50,134,15,24,1,2,3,9.0,2.0,2.0,15,36.0,0.0,0.0,1.0,1.0,6.0,almonab01,0.1791044776119403,0.26,6
Sandy Leon,2018,1,BOS,AL,89,265,30,47,12,0,5,22.0,1.0,0.0,15,75.0,0.0,4.0,3.0,1.0,6.0,leonsa01,0.17735849056603772,0.23157894736842105,17
Chris Young,2018,1,LAA,AL,56,113,17,19,2,1,6,13.0,2.0,0.0,11,37.0,0.0,2.0,1.0,1.0,1.0,youngch04,0.168141592920354,0.25196850393700787,9
Chris Davis,2018,1,BAL,AL,128,470,40,79,12,0,16,49.0,2.0,0.0,41,192.0,2.0,7.0,0.0,4.0,5.0,davisch02,0.16808510638297872,0.24329501915708812,28
Roberto Perez,2018,1,CLE,AL,62,179,16,30,9,1,2,19.0,1.0,0.0,21,70.0,0.0,1.0,7.0,2.0,6.0,perezro02,0.16759776536312848,0.2561576354679803,12
Dan Jennings,2018,1,MIL,NL,72,3,1,2,1,0,0,0.0,0.0,0.0,0,1.0,0.0,0.0,0.0,0.0,0.0,jennida01,0.6666666666666666,0.6666666666666666,1
Jesse Biddle,2018,1,ATL,NL,60,2,0,1,1,0,0,1.0,0.0,0.0,0,0.0,0.0,0.0,0.0,0.0,0.0,biddlje01,0.5,0.5,1
Jerry Blevins,2018,1,NYN,NL,64,2,0,1,0,0,0,1.0,0.0,0.0,0,1.0,0.0,0.0,0.0,0.0,0.0,blevije01,0.5,0.5,0
Josh Hader,2018,1,MIL,NL,55,2,1,1,0,0,0,0.0,0.0,0.0,0,1.0,0.0,0.0,0.0,0.0,0.0,haderjo01,0.5,0.5,0
Matt Grace,2018,1,WAS,NL,56,3,0,1,0,0,0,0.0,0.0,0.0,0,0.0,0.0,0.0,0.0,0.0,0.0,gracema02,0.3333333333333333,0.3333333333333333,0
Jeff McNeil,2018,1,NYN,NL,63,225,35,74,11,6,3,19.0,7.0,1.0,14,24.0,1.0,5.0,4.0,0.0,2.0,mcneije01,0.3288888888888889,0.38114754098360654,20
Christian Yelich,2018,1,MIL,NL,147,574,118,187,34,7,36,110.0,22.0,4.0,68,135.0,2.0,7.0,0.0,2.0,14.0,yelicch01,0.32578397212543553,0.402457757296467,77
Justin Turner,2018,1,LAN,NL,103,365,62,114,31,1,14,52.0,2.0,1.0,47,54.0,3.0,12.0,0.0,2.0,10.0,turneju01,0.31232876712328766,0.4061032863849765,46
Scooter Gennett,2018,1,CIN,NL,154,584,86,181,30,3,23,92.0,4.0,2.0,42,125.0,3.0,4.0,3.0,5.0,14.0,gennesc01,0.3099315068493151,0.35748031496062993,56
Freddie Freeman,2018,1,ATL,NL,162,618,94,191,44,4,23,98.0,10.0,3.0,76,132.0,12.0,7.0,0.0,6.0,11.0,freemfr01,0.30906148867313915,0.38755304101838756,71
Anthony Rendon,2018,1,WAS,NL,136,529,88,163,44,2,24,92.0,2.0,1.0,55,82.0,5.0,5.0,0.0,8.0,5.0,rendoan01,0.30812854442344045,0.37353433835845895,70
Lorenzo Cain,2018,1,MIL,NL,141,539,90,166,25,2,10,38.0,30.0,7.0,71,94.0,1.0,8.0,0.0,2.0,10.0,cainlo01,0.3079777365491651,0.3951612903225806,37
Ben Zobrist,2018,1,CHN,NL,139,455,67,139,28,3,9,58.0,3.0,4.0,55,60.0,1.0,2.0,1.0,7.0,8.0,zobribe01,0.3054945054945055,0.37764932562620424,40
Jose Martinez,2018,1,SLN,NL,152,534,64,163,30,0,17,83.0,0.0,3.0,49,104.0,0.0,2.0,2.0,3.0,15.0,martijo08,0.3052434456928839,0.36394557823129253,47
Adam Eaton,2018,1,WAS,NL,95,319,55,96,18,1,5,33.0,9.0,1.0,38,64.0,0.0,11.0,2.0,0.0,2.0,eatonad02,0.30094043887147337,0.39402173913043476,24
Daniel Murphy,2018,1,WAS,NL,56,190,17,57,9,0,6,29.0,1.0,0.0,13,17.0,2.0,0.0,0.0,2.0,4.0,murphda08,0.3,0.34146341463414637,15
Corey Dickerson,2018,1,PIT,NL,135,504,65,151,35,7,13,55.0,8.0,3.0,21,80.0,4.0,4.0,0.0,4.0,14.0,dickeco01,0.2996031746031746,0.3302063789868668,55
Jesse Winker,2018,1,CIN,NL,89,281,38,84,16,0,7,43.0,0.0,0.0,49,46.0,4.0,2.0,1.0,1.0,6.0,winkeje01,0.298932384341637,0.40540540540540543,23
Nick Markakis,2018,1,ATL,NL,162,623,78,185,43,2,14,93.0,1.0,1.0,72,80.0,10.0,1.0,0.0,9.0,18.0,markani01,0.2969502407704655,0.3659574468085106,59
Nolan Arenado,2018,1,COL,NL,156,590,104,175,38,2,38,110.0,2.0,2.0,73,122.0,10.0,3.0,1.0,6.0,16.0,arenano01,0.2966101694915254,0.37351190476190477,78
Ronald Acuna,2018,1,ATL,NL,111,433,78,127,26,4,26,64.0,16.0,5.0,45,123.0,2.0,6.0,0.0,3.0,4.0,acunaro01,0.29330254041570436,0.3655030800821355,56
Curt Casali,2018,1,CIN,NL,52,140,15,41,10,0,4,16.0,0.0,2.0,12,32.0,1.0,2.0,1.0,1.0,5.0,casalcu01,0.29285714285714287,0.3548387096774194,14
David Peralta,2018,1,ARI,NL,146,560,75,164,25,5,30,87.0,4.0,0.0,48,124.0,4.0,4.0,0.0,2.0,14.0,peralda01,0.29285714285714287,0.3517915309446254,60
Mason Williams,2018,1,CIN,NL,51,123,10,36,5,1,2,6.0,1.0,2.0,7,29.0,1.0,0.0,2.0,0.0,5.0,willima07,0.2926829268292683,0.33076923076923076,8
Juan Soto,2018,1,WAS,NL,116,414,77,121,25,1,22,70.0,5.0,2.0,79,99.0,10.0,0.0,1.0,0.0,9.0,sotoju01,0.2922705314009662,0.4056795131845842,48
Trevor Story,2018,1,COL,NL,157,598,88,174,42,6,37,108.0,27.0,6.0,47,168.0,3.0,7.0,0.0,4.0,12.0,storytr01,0.2909698996655518,0.3475609756097561,85
Charlie Blackmon,2018,1,COL,NL,156,626,119,182,31,7,29,70.0,12.0,4.0,59,134.0,2.0,8.0,1.0,2.0,10.0,blackch02,0.29073482428115016,0.35827338129496406,67
Javier Baez,2018,1,CHN,NL,160,606,101,176,40,9,34,111.0,21.0,9.0,29,167.0,8.0,5.0,1.0,4.0,10.0,baezja01,0.29042904290429045,0.32608695652173914,83
Michael Lorenzen,2018,1,CIN,NL,55,31,5,9,1,0,4,10.0,0.0,0.0,2,9.0,0.0,0.0,1.0,0.0,4.0,lorenmi01,0.2903225806451613,0.3333333333333333,5
Paul Goldschmidt,2018,1,ARI,NL,158,593,95,172,35,5,33,83.0,7.0,4.0,90,173.0,11.0,6.0,0.0,0.0,7.0,goldspa01,0.2900505902192243,0.3889695210449927,73
Matt Kemp,2018,1,LAN,NL,146,462,62,134,25,0,21,85.0,0.0,0.0,36,115.0,2.0,1.0,0.0,7.0,14.0,kempma01,0.29004329004329005,0.33794466403162055,46
Jose Peraza,2018,1,CIN,NL,157,632,85,182,31,4,14,58.0,23.0,6.0,29,75.0,4.0,9.0,8.0,5.0,12.0,perazjo01,0.2879746835443038,0.32592592592592595,49
Albert Almora,2018,1,CHN,NL,152,444,62,127,24,1,5,41.0,1.0,3.0,24,83.0,1.0,3.0,2.0,6.0,12.0,almoral01,0.28603603603603606,0.3228511530398323,30
Elias Diaz,2018,1,PIT,NL,82,252,33,72,12,0,10,34.0,0.0,1.0,21,40.0,1.0,1.0,0.0,3.0,4.0,diazel01,0.2857142857142857,0.33935018050541516,22
Joey Votto,2018,1,CIN,NL,145,503,67,143,28,2,12,67.0,2.0,0.0,108,101.0,6.0,9.0,0.0,3.0,15.0,vottojo01,0.28429423459244535,0.4173354735152488,42
Gerardo Parra,2018,1,COL,NL,142,401,52,114,17,0,6,53.0,11.0,4.0,32,75.0,3.0,5.0,2.0,3.0,6.0,parrage01,0.28428927680798005,0.3424036281179138,23
Buster Posey,2018,1,SFN,NL,105,398,47,113,22,1,5,41.0,3.0,2.0,45,53.0,3.0,3.0,0.0,2.0,12.0,poseybu01,0.28391959798994976,0.359375,28
Eugenio Suarez,2018,1,CIN,NL,143,527,79,149,22,2,34,104.0,1.0,1.0,64,142.0,7.0,9.0,0.0,6.0,20.0,suareeu01,0.2827324478178368,0.36633663366336633,58
Anthony Rizzo,2018,1,CHN,NL,153,566,74,160,29,1,25,101.0,6.0,4.0,70,80.0,15.0,20.0,0.0,9.0,11.0,rizzoan01,0.2826855123674912,0.37593984962406013,55
David Freese,2018,1,PIT,NL,94,241,29,68,10,1,9,42.0,0.0,0.0,18,56.0,1.0,3.0,0.0,3.0,10.0,freesda01,0.2821576763485477,0.33584905660377357,20
Marcell Ozuna,2018,1,SLN,NL,148,582,69,163,16,2,23,88.0,3.0,0.0,38,110.0,2.0,3.0,0.0,4.0,10.0,ozunama01,0.2800687285223368,0.3253588516746411,41
Franmil Reyes,2018,1,SDN,NL,87,261,36,73,9,0,16,31.0,0.0,0.0,24,80.0,0.0,0.0,0.0,0.0,5.0,reyesfr01,0.2796934865900383,0.34035087719298246,25
Starlin Castro,2018,1,MIA,NL,154,593,76,165,32,2,12,54.0,6.0,4.0,48,124.0,3.0,0.0,0.0,6.0,18.0,castrst01,0.2782462057335582,0.32921174652241114,46
Asdrubal Cabrera,2018,1,NYN,NL,98,375,48,104,23,1,18,58.0,0.0,0.0,29,81.0,1.0,1.0,0.0,2.0,12.0,cabreas01,0.2773333333333333,0.32923832923832924,42
Starling Marte,2018,1,PIT,NL,145,559,81,155,32,5,20,72.0,33.0,14.0,35,109.0,2.0,8.0,1.0,3.0,11.0,martest01,0.2772808586762075,0.32727272727272727,57
Colin Moran,2018,1,PIT,NL,144,415,49,115,19,1,11,58.0,0.0,2.0,39,82.0,4.0,4.0,0.0,7.0,6.0,moranco01,0.27710843373493976,0.33978494623655914,31
Adam Frazier,2018,1,PIT,NL,113,318,52,88,23,2,10,35.0,1.0,3.0,29,53.0,2.0,3.0,1.0,1.0,3.0,fraziad01,0.27672955974842767,0.3418803418803419,35
J. T. Realmuto,2018,1,MIA,NL,125,477,74,132,30,3,21,74.0,3.0,2.0,38,104.0,0.0,10.0,0.0,4.0,9.0,realmjt01,0.27672955974842767,0.34026465028355385,54
Carlos Gonzalez,2018,1,COL,NL,132,463,71,128,32,4,16,64.0,5.0,2.0,37,113.0,4.0,1.0,0.0,3.0,5.0,gonzaca01,0.27645788336933047,0.32936507936507936,52
Yairo Munoz,2018,1,SLN,NL,108,293,39,81,16,0,8,42.0,5.0,6.0,30,71.0,7.0,4.0,0.0,2.0,3.0,munozya01,0.2764505119453925,0.3495440729483283,24
DJ LeMahieu,2018,1,COL,NL,128,533,90,147,32,2,15,62.0,6.0,5.0,37,82.0,0.0,2.0,2.0,7.0,14.0,lemahdj01,0.275797373358349,0.32124352331606215,49
Jesus Aguilar,2018,1,MIL,NL,149,492,80,135,25,0,35,108.0,0.0,0.0,58,143.0,3.0,6.0,0.0,10.0,19.0,aguilje01,0.27439024390243905,0.35159010600706714,60
Manny Machado,2018,2,LAN,NL,66,267,36,73,14,2,13,42.0,6.0,1.0,25,53.0,6.0,2.0,0.0,2.0,12.0,machama01,0.27340823970037453,0.33783783783783783,29
David Dahl,2018,1,COL,NL,77,249,31,68,11,3,16,48.0,5.0,3.0,19,68.0,4.0,1.0,0.0,2.0,4.0,dahlda01,0.27309236947791166,0.3247232472324723,30
Brian Anderson,2018,1,MIA,NL,156,590,87,161,34,4,11,65.0,2.0,4.0,62,129.0,2.0,16.0,0.0,2.0,18.0,anderbr06,0.27288135593220336,0.3567164179104478,49
Kris Bryant,2018,1,CHN,NL,102,389,59,106,28,3,13,52.0,2.0,4.0,48,107.0,6.0,17.0,0.0,3.0,5.0,bryankr01,0.27249357326478146,0.3741794310722101,44
Johan Camargo,2018,1,ATL,NL,134,464,63,126,27,1,19,76.0,1.0,1.0,51,108.0,4.0,6.0,0.0,3.0,13.0,camarjo01,0.27155172413793105,0.34923664122137404,47
A. J. Ellis,2018,1,SDN,NL,66,151,19,41,8,0,1,15.0,0.0,0.0,26,37.0,1.0,1.0,3.0,2.0,2.0,ellisaj01,0.271523178807947,0.37777777777777777,9
Trea Turner,2018,1,WAS,NL,162,664,103,180,27,6,19,73.0,43.0,9.0,69,132.0,3.0,5.0,2.0,0.0,7.0,turnetr01,0.2710843373493976,0.34417344173441733,52
Kurt Suzuki,2018,1,ATL,NL,105,347,45,94,24,0,12,50.0,0.0,0.0,22,43.0,0.0,13.0,0.0,6.0,6.0,suzukku01,0.27089337175792505,0.3324742268041237,36
Jason Heyward,2018,1,CHN,NL,127,440,67,119,23,4,8,57.0,1.0,1.0,42,60.0,1.0,2.0,2.0,2.0,7.0,heywaja01,0.27045454545454545,0.33539094650205764,35
Charlie Culberson,2018,1,ATL,NL,113,296,47,80,18,2,12,45.0,4.0,2.0,21,85.0,5.0,4.0,0.0,1.0,5.0,culbech01,0.2702702702702703,0.32608695652173914,32
Maikel Franco,2018,1,PHI,NL,131,433,48,117,17,1,22,68.0,1.0,0.0,29,62.0,7.0,0.0,0.0,3.0,15.0,francma02,0.2702078521939954,0.3139784946236559,40
Eduardo Escobar,2018,2,ARI,NL,54,198,30,53,11,0,8,21.0,1.0,1.0,18,35.0,2.0,2.0,0.0,5.0,5.0,escobed01,0.2676767676767677,0.3273542600896861,19
Roman Quinn,2018,1,PHI,NL,50,131,13,35,6,4,2,12.0,10.0,4.0,10,35.0,0.0,1.0,1.0,0.0,1.0,quinnro01,0.26717557251908397,0.323943661971831,12
Wilmer Flores,2018,1,NYN,NL,126,386,43,103,25,0,11,51.0,0.0,0.0,29,42.0,1.0,5.0,0.0,9.0,8.0,florewi01,0.266839378238342,0.31934731934731936,36
Yasiel Puig,2018,1,LAN,NL,125,405,60,108,21,1,23,63.0,15.0,5.0,36,87.0,2.0,1.0,0.0,2.0,15.0,puigya01,0.26666666666666666,0.32657657657657657,45
Tommy La Stella,2018,1,CHN,NL,123,169,23,45,8,0,1,19.0,0.0,1.0,17,27.0,1.0,2.0,0.0,0.0,5.0,lasteto01,0.26627218934911245,0.3404255319148936,9
Domingo Santana,2018,1,MIL,NL,85,211,21,56,14,1,5,20.0,1.0,1.0,20,77.0,1.0,1.0,0.0,3.0,3.0,santado01,0.26540284360189575,0.3276595744680851,20
Ender Inciarte,2018,1,ATL,NL,156,597,83,158,27,6,10,61.0,28.0,14.0,49,86.0,1.0,6.0,4.0,4.0,6.0,inciaen01,0.2646566164154104,0.3246951219512195,43
Derek Dietrich,2018,1,MIA,NL,149,499,72,132,26,2,16,45.0,2.0,0.0,29,140.0,2.0,21.0,0.0,2.0,5.0,dietrde01,0.26452905811623245,0.33030852994555354,44
Ryan Zimmerman,2018,1,WAS,NL,85,288,33,76,21,2,13,51.0,1.0,1.0,30,55.0,1.0,3.0,0.0,2.0,10.0,zimmery01,0.2638888888888889,0.33746130030959753,36
Harrison Bader,2018,1,SLN,NL,138,379,61,100,20,2,12,37.0,15.0,3.0,31,125.0,3.0,11.0,2.0,4.0,1.0,baderha01,0.2638522427440633,0.3341176470588235,34
Max Muncy,2018,1,LAN,NL,137,395,75,104,17,2,35,79.0,3.0,0.0,79,131.0,6.0,5.0,0.0,2.0,4.0,muncyma01,0.26329113924050634,0.3908523908523909,54
Brandon Nimmo,2018,1,NYN,NL,140,433,77,114,28,8,17,47.0,9.0,6.0,80,140.0,2.0,22.0,0.0,0.0,8.0,nimmobr01,0.2632794457274827,0.40373831775700936,53
Jedd Gyorko,2018,1,SLN,NL,125,351,49,92,19,1,11,47.0,2.0,0.0,44,77.0,0.0,3.0,0.0,4.0,12.0,gyorkje01,0.2621082621082621,0.34577114427860695,31
Jorge Alfaro,2018,1,PHI,NL,108,344,35,90,16,2,10,37.0,3.0,0.0,18,138.0,6.0,14.0,0.0,1.0,2.0,alfarjo01,0.2616279069767442,0.32360742705570295,28
Josh Bell,2018,1,PIT,NL,148,501,74,131,31,4,12,62.0,2.0,5.0,77,104.0,2.0,0.0,0.0,5.0,12.0,belljo02,0.26147704590818366,0.3567753001715266,47
Yadier Molina,2018,1,SLN,NL,123,459,55,120,20,0,20,74.0,4.0,3.0,29,66.0,0.0,9.0,0.0,6.0,15.0,molinya01,0.26143790849673204,0.31411530815109345,40
Ozzie Albies,2018,1,ATL,NL,158,639,105,167,40,5,24,72.0,14.0,3.0,36,116.0,0.0,5.0,1.0,3.0,9.0,albieoz01,0.26134585289514867,0.30453879941434847,69
Jonathan Villar,2018,1,MIL,NL,87,257,26,67,10,1,6,22.0,14.0,2.0,19,80.0,0.0,2.0,0.0,1.0,9.0,villajo01,0.2607003891050584,0.3154121863799283,17
Cody Bellinger,2018,1,LAN,NL,162,557,84,145,28,7,25,76.0,14.0,1.0,69,151.0,9.0,3.0,0.0,3.0,7.0,bellico01,0.26032315978456017,0.34335443037974683,60
Ketel Marte,2018,1,ARI,NL,153,520,68,135,26,12,14,59.0,6.0,1.0,54,79.0,3.0,3.0,1.0,2.0,12.0,marteke01,0.25961538461538464,0.3316062176165803,52
Travis Jankowski,2018,1,SDN,NL,117,347,45,90,12,3,4,17.0,24.0,7.0,37,73.0,0.0,1.0,2.0,0.0,7.0,jankotr01,0.25936599423631124,0.33246753246753247,19
Francisco Cervelli,2018,1,PIT,NL,104,332,39,86,15,3,12,57.0,2.0,3.0,51,84.0,1.0,15.0,2.0,4.0,7.0,cervefr01,0.25903614457831325,0.3781094527363184,30
Matt Carpenter,2018,1,SLN,NL,156,564,111,145,42,0,36,81.0,4.0,1.0,102,158.0,17.0,6.0,0.0,4.0,0.0,carpema01,0.2570921985815603,0.3742603550295858,78
Matt Adams,2018,1,WAS,NL,94,249,37,64,9,0,18,48.0,0.0,0.0,24,55.0,2.0,4.0,0.0,0.0,6.0,adamsma01,0.2570281124497992,0.33212996389891697,27
A. J. Pollock,2018,1,ARI,NL,113,413,61,106,21,5,21,65.0,13.0,2.0,31,100.0,2.0,8.0,1.0,7.0,6.0,polloaj01,0.2566585956416465,0.3159041394335512,47
Mike Moustakas,2018,2,MIL,NL,54,195,20,50,12,0,8,33.0,1.0,1.0,19,40.0,2.0,2.0,0.0,2.0,3.0,moustmi01,0.2564102564102564,0.3256880733944954,20
Preston Tucker,2018,1,ATL,NL,62,117,14,30,10,0,4,22.0,0.0,0.0,7,33.0,0.0,2.0,0.0,1.0,2.0,tuckepr01,0.2564102564102564,0.30708661417322836,14
Amed Rosario,2018,1,NYN,NL,154,554,76,142,26,8,9,51.0,24.0,11.0,29,119.0,4.0,3.0,3.0,3.0,9.0,rosaram01,0.2563176895306859,0.29541595925297115,43
Enrique Hernandez,2018,1,LAN,NL,145,402,67,103,17,3,21,52.0,3.0,0.0,50,78.0,5.0,1.0,4.0,5.0,3.0,hernaen02,0.2562189054726368,0.33624454148471616,41
Nick Williams,2018,1,PHI,NL,140,407,53,104,12,3,17,50.0,3.0,2.0,32,111.0,2.0,9.0,0.0,0.0,4.0,willini01,0.25552825552825553,0.3236607142857143,32
Scott Schebler,2018,1,CIN,NL,107,380,55,97,19,0,17,49.0,4.0,2.0,39,99.0,1.0,9.0,0.0,2.0,5.0,schebsc01,0.25526315789473686,0.3372093023255814,36
Andrew McCutchen,2018,1,SFN,NL,130,482,65,123,28,2,15,55.0,13.0,6.0,73,123.0,1.0,7.0,0.0,6.0,11.0,mccutan01,0.2551867219917012,0.3573943661971831,45
Odubel Herrera,2018,1,PHI,NL,148,550,64,140,19,3,22,71.0,5.0,2.0,38,122.0,3.0,7.0,1.0,1.0,11.0,herreod01,0.2545454545454545,0.3104026845637584,44
Ryan Braun,2018,1,MIL,NL,125,405,59,103,25,1,20,64.0,11.0,5.0,34,85.0,5.0,2.0,0.0,3.0,8.0,braunry02,0.254320987654321,0.3130630630630631,46
Brandon Crawford,2018,1,SFN,NL,151,531,63,135,28,2,14,54.0,4.0,5.0,50,122.0,13.0,8.0,0.0,5.0,12.0,crawfbr01,0.2542372881355932,0.32491582491582494,44
Joe Panik,2018,1,SFN,NL,102,358,38,91,14,1,4,24.0,4.0,2.0,26,30.0,3.0,3.0,1.0,4.0,10.0,panikjo01,0.2541899441340782,0.3069053708439898,19
Tyler O'Neill,2018,1,SLN,NL,61,130,29,33,5,0,9,23.0,2.0,0.0,7,57.0,0.0,3.0,0.0,2.0,0.0,oneilty01,0.25384615384615383,0.3028169014084507,14
Gregory Polanco,2018,1,PIT,NL,130,461,75,117,32,6,23,81.0,12.0,2.0,61,117.0,5.0,3.0,0.0,7.0,11.0,polangr01,0.25379609544468545,0.34022556390977443,61
Chris Taylor,2018,1,LAN,NL,155,536,85,136,35,8,17,63.0,9.0,6.0,55,178.0,0.0,9.0,0.0,4.0,5.0,tayloch03,0.2537313432835821,0.33112582781456956,60
Andrew Stevenson,2018,1,WAS,NL,57,75,9,19,2,0,1,13.0,1.0,1.0,6,23.0,0.0,1.0,1.0,3.0,0.0,stevean01,0.25333333333333335,0.3058823529411765,3
Wil Myers,2018,1,SDN,NL,83,312,39,79,25,1,11,39.0,13.0,1.0,30,94.0,1.0,0.0,0.0,1.0,10.0,myerswi01,0.2532051282051282,0.3177842565597668,37
Hernan Perez,2018,1,MIL,NL,132,316,36,80,11,2,9,29.0,11.0,3.0,17,71.0,1.0,0.0,0.0,1.0,6.0,perezhe01,0.25316455696202533,0.2904191616766467,22
Brandon Belt,2018,1,SFN,NL,112,399,50,101,18,2,14,46.0,4.0,0.0,49,107.0,6.0,6.0,0.0,2.0,2.0,beltbr01,0.2531328320802005,0.34210526315789475,34
Cesar Hernandez,2018,1,PHI,NL,161,605,91,153,15,3,15,60.0,19.0,6.0,95,155.0,4.0,4.0,1.0,3.0,12.0,hernace02,0.2528925619834711,0.3564356435643564,33
Eric Hosmer,2018,1,SDN,NL,157,613,72,155,31,2,18,69.0,7.0,4.0,62,142.0,10.0,1.0,0.0,1.0,18.0,hosmeer01,0.2528548123980424,0.32200886262924666,51
Phil Ervin,2018,1,CIN,NL,78,218,27,55,10,1,7,31.0,6.0,1.0,20,60.0,1.0,5.0,0.0,4.0,5.0,ervinph01,0.25229357798165136,0.32388663967611336,18
Miguel Rojas,2018,1,MIA,NL,153,488,44,123,13,0,11,53.0,6.0,3.0,24,69.0,2.0,9.0,2.0,4.0,23.0,rojasmi02,0.2520491803278688,0.29714285714285715,24
Alen Hanson,2018,1,SFN,NL,110,294,36,74,17,5,8,39.0,7.0,3.0,9,71.0,0.0,1.0,3.0,3.0,4.0,hansoal01,0.25170068027210885,0.2736156351791531,30
Manny Pina,2018,1,MIL,NL,98,306,39,77,13,2,9,28.0,2.0,0.0,21,62.0,3.0,5.0,1.0,4.0,13.0,pinama01,0.25163398692810457,0.30654761904761907,24
Jordy Mercer,2018,1,PIT,NL,117,394,43,99,29,2,6,39.0,2.0,0.0,32,87.0,9.0,6.0,1.0,3.0,12.0,mercejo03,0.2512690355329949,0.31494252873563217,37
Austin Slater,2018,1,SFN,NL,74,199,21,50,6,1,1,23.0,7.0,0.0,20,69.0,2.0,5.0,0.0,1.0,5.0,slateau01,0.25125628140703515,0.3333333333333333,8
Cameron Maybin,2018,1,MIA,NL,99,251,20,63,12,1,3,20.0,8.0,5.0,32,55.0,1.0,2.0,0.0,2.0,3.0,maybica01,0.250996015936255,0.33797909407665505,16
Josh Harrison,2018,1,PIT,NL,97,344,41,86,13,1,8,37.0,3.0,0.0,18,68.0,1.0,5.0,2.0,5.0,8.0,harrijo05,0.25,0.29301075268817206,22
Addison Russell,2018,1,CHN,NL,130,420,52,105,21,1,5,38.0,4.0,0.0,40,99.0,2.0,2.0,1.0,2.0,7.0,russead02,0.25,0.3168103448275862,27
Taylor Williams,2018,1,MIL,NL,56,4,0,1,0,0,0,0.0,0.0,0.0,0,3.0,0.0,0.0,0.0,0.0,0.0,willita01,0.25,0.25,0
Kolten Wong,2018,1,SLN,NL,127,353,41,88,18,2,9,38.0,6.0,5.0,31,60.0,3.0,14.0,6.0,3.0,6.0,wongko01,0.24929178470254956,0.3316708229426434,29
Bryce Harper,2018,1,WAS,NL,159,550,103,137,34,0,34,100.0,13.0,3.0,130,169.0,16.0,6.0,0.0,9.0,7.0,harpebr03,0.24909090909090909,0.39280575539568346,68
Willson Contreras,2018,1,CHN,NL,138,474,50,118,27,5,10,54.0,4.0,1.0,53,121.0,2.0,13.0,2.0,2.0,14.0,contrwi01,0.2489451476793249,0.33948339483394835,42
Jose Pirela,2018,1,SDN,NL,146,438,54,109,23,2,5,32.0,6.0,3.0,30,89.0,1.0,3.0,0.0,2.0,10.0,pireljo01,0.24885844748858446,0.30021141649048627,30
Hunter Renfroe,2018,1,SDN,NL,117,403,53,100,23,1,26,68.0,2.0,1.0,30,109.0,2.0,3.0,0.0,5.0,9.0,renfrhu01,0.24813895781637718,0.30158730158730157,50
Joc Pederson,2018,1,LAN,NL,148,395,65,98,27,3,25,56.0,1.0,5.0,40,85.0,3.0,4.0,1.0,3.0,6.0,pederjo01,0.2481012658227848,0.3212669683257919,55
Tommy Pham,2018,1,SLN,NL,98,351,67,87,11,0,14,41.0,10.0,6.0,42,97.0,1.0,2.0,0.0,1.0,12.0,phamth01,0.24786324786324787,0.33080808080808083,25
Tucker Barnhart,2018,1,CIN,NL,138,460,50,114,21,3,10,46.0,0.0,4.0,54,96.0,2.0,2.0,3.0,3.0,13.0,barnhtu01,0.24782608695652175,0.32755298651252407,34
Pablo Sandoval,2018,1,SFN,NL,92,230,22,57,10,1,9,40.0,0.0,0.0,19,52.0,2.0,2.0,0.0,1.0,9.0,sandopa01,0.24782608695652175,0.30952380952380953,20
Mark Reynolds,2018,1,WAS,NL,86,206,26,51,8,0,13,40.0,0.0,0.0,24,64.0,1.0,2.0,0.0,3.0,8.0,reynoma01,0.24757281553398058,0.3276595744680851,21
Freddy Galvis,2018,1,SDN,NL,162,602,62,149,31,5,13,67.0,8.0,6.0,45,147.0,2.0,2.0,1.0,6.0,8.0,galvifr01,0.24750830564784054,0.29923664122137406,49
Austin Jackson,2018,2,NYN,NL,57,198,17,49,9,1,3,19.0,1.0,2.0,12,74.0,0.0,0.0,0.0,0.0,4.0,jacksau01,0.2474747474747475,0.2904761904761905,13
Tyler Saladino,2018,2,MIL,NL,52,118,11,29,3,0,5,16.0,2.0,2.0,9,38.0,0.0,1.0,1.0,1.0,3.0,saladty01,0.2457627118644068,0.3023255813953488,8
Rhys Hoskins,2018,1,PHI,NL,153,558,89,137,38,0,34,96.0,5.0,3.0,87,150.0,2.0,9.0,0.0,5.0,7.0,hoskirh01,0.24551971326164876,0.3535660091047041,72
Manuel Margot,2018,1,SDN,NL,141,477,50,117,26,8,8,51.0,11.0,10.0,32,88.0,4.0,2.0,1.0,7.0,9.0,margoma01,0.24528301886792453,0.2915057915057915,42
Evan Longoria,2018,1,SFN,NL,125,480,51,117,25,4,16,54.0,3.0,1.0,22,101.0,3.0,5.0,0.0,5.0,11.0,longoev01,0.24375,0.28125,45
Martin Prado,2018,1,MIA,NL,54,197,16,48,9,0,1,18.0,1.0,1.0,11,35.0,0.0,1.0,0.0,0.0,5.0,pradoma01,0.2436548223350254,0.28708133971291866,10
Michael Conforto,2018,1,NYN,NL,153,543,78,132,25,1,28,82.0,3.0,4.0,84,159.0,8.0,7.0,0.0,4.0,10.0,confomi01,0.2430939226519337,0.3495297805642633,54
Austin Jackson,2018,1,SFN,NL,59,149,12,36,8,0,0,13.0,2.0,1.0,14,59.0,2.0,1.0,0.0,1.0,4.0,jacksau01,0.24161073825503357,0.3090909090909091,8
Nick Hundley,2018,1,SFN,NL,96,282,34,68,13,2,10,31.0,2.0,1.0,22,85.0,2.0,1.0,0.0,0.0,8.0,hundlni01,0.24113475177304963,0.2983606557377049,25
Travis Shaw,2018,1,MIL,NL,152,498,73,120,23,0,32,86.0,5.0,2.0,78,108.0,6.0,4.0,1.0,6.0,7.0,shawtr01,0.24096385542168675,0.3447098976109215,55
Yasmani Grandal,2018,1,LAN,NL,140,440,65,106,23,2,24,68.0,2.0,1.0,72,124.0,1.0,3.0,0.0,3.0,12.0,grandya01,0.2409090909090909,0.34942084942084944,49
Paul DeJong,2018,1,SLN,NL,115,436,68,105,25,1,19,68.0,1.0,1.0,36,123.0,2.0,12.0,0.0,5.0,6.0,dejonpa01,0.2408256880733945,0.3128834355828221,45
David Bote,2018,1,CHN,NL,74,184,23,44,9,2,6,33.0,3.0,4.0,19,60.0,1.0,4.0,0.0,3.0,3.0,boteda01,0.2391304347826087,0.319047619047619,17
Dansby Swanson,2018,1,ATL,NL,136,478,51,114,25,4,14,59.0,10.0,4.0,44,122.0,15.0,2.0,6.0,3.0,5.0,swansda01,0.2384937238493724,0.3036053130929791,43
Kyle Schwarber,2018,1,CHN,NL,137,428,64,102,14,3,26,61.0,4.0,3.0,78,140.0,20.0,1.0,1.0,2.0,6.0,schwaky01,0.2383177570093458,0.3555992141453831,43
Matt Wieters,2018,1,WAS,NL,76,235,24,56,8,0,8,30.0,0.0,1.0,30,45.0,3.0,3.0,1.0,2.0,5.0,wietema01,0.23829787234042554,0.3296296296296296,16
Daniel Descalso,2018,1,ARI,NL,138,349,54,83,22,4,13,57.0,0.0,1.0,64,110.0,2.0,2.0,0.0,7.0,2.0,descada01,0.23782234957020057,0.35308056872037913,39
Adrian Gonzalez,2018,1,NYN,NL,54,169,15,40,5,0,6,26.0,0.0,0.0,15,34.0,3.0,1.0,0.0,2.0,5.0,gonzaad01,0.23668639053254437,0.2994652406417112,11
Christian Villanueva,2018,1,SDN,NL,110,351,42,83,15,0,20,46.0,3.0,0.0,23,104.0,0.0,9.0,0.0,1.0,12.0,villach01,0.23646723646723647,0.2994791666666667,35
Erik Kratz,2018,1,MIL,NL,67,203,18,48,6,0,6,23.0,1.0,0.0,6,40.0,0.0,7.0,1.0,2.0,8.0,kratzer01,0.23645320197044334,0.2798165137614679,12
Billy Hamilton,2018,1,CIN,NL,153,504,74,119,16,9,4,29.0,34.0,10.0,46,132.0,0.0,1.0,1.0,4.0,1.0,hamilbi02,0.2361111111111111,0.2990990990990991,29
Ian Desmond,2018,1,COL,NL,160,555,82,131,21,8,22,88.0,20.0,6.0,53,146.0,0.0,6.0,1.0,4.0,17.0,desmoia01,0.23603603603603604,0.3074433656957929,51
Orlando Arcia,2018,1,MIL,NL,119,348,32,82,16,0,3,30.0,7.0,4.0,15,87.0,0.0,1.0,1.0,1.0,9.0,arciaor01,0.23563218390804597,0.2684931506849315,19
Jon Jay,2018,2,ARI,NL,84,289,46,68,10,5,2,22.0,1.0,1.0,14,56.0,0.0,15.0,1.0,1.0,7.0,jayjo02,0.23529411764705882,0.30407523510971785,17
Cory Spangenberg,2018,1,SDN,NL,116,298,35,70,9,4,7,25.0,6.0,1.0,25,108.0,0.0,2.0,4.0,0.0,6.0,spangco01,0.2348993288590604,0.29846153846153844,20
Nick Ahmed,2018,1,ARI,NL,153,516,61,121,33,5,16,70.0,5.0,4.0,40,109.0,2.0,2.0,1.0,5.0,15.0,ahmedni01,0.23449612403100775,0.2895204262877442,54
Alex Blandino,2018,1,CIN,NL,69,128,14,30,4,0,1,8.0,0.0,0.0,13,41.0,1.0,4.0,2.0,0.0,4.0,blandal01,0.234375,0.32413793103448274,5
Gorkys Hernandez,2018,1,SFN,NL,142,414,52,97,16,2,15,40.0,8.0,5.0,27,113.0,1.0,4.0,2.0,4.0,14.0,hernago01,0.23429951690821257,0.28507795100222716,33
Noel Cuevas,2018,1,COL,NL,75,146,16,34,4,1,2,10.0,1.0,0.0,6,24.0,1.0,1.0,0.0,0.0,1.0,cuevano01,0.2328767123287671,0.2679738562091503,7
Ian Happ,2018,1,CHN,NL,142,387,56,90,19,2,15,44.0,8.0,4.0,70,167.0,9.0,3.0,0.0,2.0,6.0,happia01,0.23255813953488372,0.3528138528138528,36
Victor Caratini,2018,1,CHN,NL,76,181,21,42,7,0,2,21.0,0.0,0.0,12,42.0,0.0,4.0,2.0,1.0,5.0,caratvi01,0.23204419889502761,0.29292929292929293,9
Ryan McMahon,2018,1,COL,NL,91,181,17,42,9,1,5,19.0,1.0,0.0,18,64.0,2.0,2.0,0.0,1.0,0.0,mcmahry01,0.23204419889502761,0.3069306930693069,15
Spencer Kieboom,2018,1,WAS,NL,52,125,16,29,5,0,2,13.0,0.0,0.0,16,28.0,0.0,1.0,0.0,1.0,2.0,kiebosp01,0.232,0.32167832167832167,7
Austin Hedges,2018,1,SDN,NL,91,303,29,70,14,2,14,37.0,3.0,0.0,21,90.0,3.0,1.0,0.0,1.0,9.0,hedgeau01,0.23102310231023102,0.2822085889570552,30
JT Riddle,2018,1,MIA,NL,102,308,28,71,10,4,9,36.0,0.0,3.0,20,67.0,1.0,0.0,3.0,1.0,4.0,riddljt01,0.2305194805194805,0.2765957446808511,23
Wilmer Difo,2018,1,WAS,NL,148,408,55,94,14,7,7,42.0,10.0,3.0,39,82.0,5.0,2.0,3.0,4.0,8.0,difowi01,0.23039215686274508,0.2980132450331126,28
Carlos Santana,2018,1,PHI,NL,161,560,82,128,28,2,24,86.0,2.0,1.0,110,93.0,6.0,1.0,0.0,8.0,12.0,santaca01,0.22857142857142856,0.35198821796759944,54
Justin Bour,2018,1,MIA,NL,112,374,43,85,10,1,19,54.0,1.0,0.0,69,111.0,6.0,1.0,0.0,3.0,8.0,bourju01,0.22727272727272727,0.34675615212527966,30
Tyler Flowers,2018,1,ATL,NL,82,251,34,57,9,0,8,30.0,0.0,0.0,35,76.0,0.0,9.0,0.0,1.0,6.0,flowety01,0.22709163346613545,0.34121621621621623,17
Michael Taylor,2018,1,WAS,NL,134,353,46,80,22,3,6,28.0,24.0,6.0,29,116.0,2.0,1.0,2.0,0.0,9.0,taylomi02,0.22662889518413598,0.28720626631853785,31
Jose Osuna,2018,1,PIT,NL,51,106,14,24,9,0,3,11.0,0.0,0.0,3,22.0,0.0,1.0,0.0,1.0,2.0,osunajo01,0.22641509433962265,0.25225225225225223,12
Scott Kingery,2018,1,PHI,NL,147,452,55,102,23,2,8,35.0,10.0,3.0,24,126.0,1.0,3.0,0.0,5.0,2.0,kingesc01,0.22566371681415928,0.2665289256198347,33
Hunter Pence,2018,1,SFN,NL,97,235,19,53,11,1,4,24.0,5.0,1.0,11,59.0,1.0,0.0,0.0,2.0,1.0,pencehu01,0.225531914893617,0.25806451612903225,16
Pedro Florimon,2018,1,PHI,NL,50,71,13,16,6,1,2,5.0,1.0,2.0,5,30.0,0.0,0.0,0.0,0.0,0.0,floripe01,0.22535211267605634,0.27631578947368424,9
Chris Iannetta,2018,1,COL,NL,110,299,36,67,13,1,11,36.0,0.0,0.0,50,87.0,5.0,7.0,1.0,3.0,13.0,iannech01,0.22408026755852842,0.34540389972144847,25
Dominic Smith,2018,1,NYN,NL,56,143,14,32,11,1,5,11.0,0.0,0.0,4,47.0,0.0,2.0,0.0,0.0,2.0,smithdo02,0.22377622377622378,0.2550335570469799,17
Jay Bruce,2018,1,NYN,NL,94,319,31,71,18,1,9,37.0,2.0,3.0,41,75.0,4.0,0.0,0.0,1.0,3.0,bruceja01,0.2225705329153605,0.31024930747922436,28
Jake Lamb,2018,1,ARI,NL,56,207,34,46,8,0,6,31.0,1.0,2.0,26,65.0,0.0,1.0,0.0,4.0,4.0,lambja01,0.2222222222222222,0.3067226890756303,14
Devin Mesoraco,2018,2,NYN,NL,66,203,23,45,8,0,10,30.0,0.0,0.0,23,42.0,3.0,2.0,0.0,1.0,7.0,mesorde01,0.22167487684729065,0.3056768558951965,18
Greg Garcia,2018,1,SLN,NL,114,181,15,40,6,0,3,15.0,3.0,1.0,20,37.0,1.0,4.0,1.0,2.0,3.0,garcigr01,0.22099447513812154,0.30917874396135264,9
Steven Souza,2018,1,ARI,NL,72,241,21,53,15,3,5,29.0,6.0,1.0,28,75.0,0.0,3.0,0.0,0.0,4.0,souzast01,0.21991701244813278,0.3088235294117647,23
Eric Thames,2018,1,MIL,NL,96,247,41,54,10,3,16,37.0,7.0,0.0,29,97.0,4.0,2.0,0.0,0.0,3.0,thameer01,0.21862348178137653,0.3057553956834532,29
Ryan Flaherty,2018,1,ATL,NL,81,161,17,35,6,0,2,13.0,4.0,2.0,18,41.0,4.0,1.0,1.0,1.0,5.0,flahery01,0.21739130434782608,0.2983425414364641,8
Gregor Blanco,2018,1,SFN,NL,68,189,19,41,7,3,2,12.0,6.0,2.0,12,58.0,0.0,0.0,1.0,1.0,2.0,blancgr01,0.21693121693121692,0.2623762376237624,12
Chase Utley,2018,1,LAN,NL,87,164,18,35,10,1,1,14.0,3.0,1.0,17,34.0,2.0,5.0,0.0,1.0,3.0,utleych01,0.21341463414634146,0.3048128342245989,12
Todd Frazier,2018,1,NYN,NL,115,408,54,87,18,0,18,59.0,9.0,4.0,48,112.0,1.0,8.0,0.0,8.0,10.0,frazito01,0.21323529411764705,0.3029661016949153,36
Kevin Plawecki,2018,1,NYN,NL,79,238,33,50,13,2,7,30.0,0.0,1.0,28,65.0,2.0,9.0,1.0,1.0,12.0,plaweke01,0.21008403361344538,0.31521739130434784,22
Logan Forsythe,2018,1,LAN,NL,70,193,18,40,10,0,2,13.0,2.0,0.0,17,43.0,1.0,0.0,0.0,1.0,5.0,forsylo01,0.20725388601036268,0.27014218009478674,12
Kelby Tomlinson,2018,1,SFN,NL,63,140,9,29,4,2,0,10.0,0.0,2.0,9,35.0,0.0,2.0,1.0,0.0,3.0,tomlike01,0.20714285714285716,0.26490066225165565,6
Chris Owings,2018,1,ARI,NL,106,281,34,58,15,0,4,22.0,11.0,4.0,24,75.0,4.0,2.0,0.0,2.0,4.0,owingch01,0.20640569395017794,0.27184466019417475,19
Adam Duvall,2018,1,CIN,NL,105,331,40,68,19,0,15,61.0,2.0,2.0,34,100.0,3.0,4.0,0.0,1.0,8.0,duvalad01,0.2054380664652568,0.2864864864864865,34
Bryan Holaday,2018,1,MIA,NL,61,151,7,31,5,0,1,16.0,0.0,0.0,10,29.0,2.0,2.0,1.0,2.0,4.0,holadbr01,0.2052980132450331,0.2606060606060606,6
Austin Barnes,2018,1,LAN,NL,100,200,32,41,5,0,4,14.0,4.0,3.0,31,67.0,4.0,6.0,1.0,0.0,7.0,barneau01,0.205,0.3291139240506329,9
Jose Bautista,2018,2,NYN,NL,83,245,37,50,13,0,9,37.0,2.0,2.0,51,84.0,2.0,5.0,0.0,1.0,2.0,bautijo02,0.20408163265306123,0.3509933774834437,22
Francisco Pena,2018,1,SLN,NL,58,133,10,27,3,0,2,8.0,1.0,0.0,6,43.0,3.0,1.0,0.0,2.0,5.0,penafr01,0.20300751879699247,0.23943661971830985,5
J. R. Murphy,2018,1,ARI,NL,87,208,19,42,9,0,9,24.0,0.0,0.0,11,71.0,1.0,1.0,2.0,1.0,1.0,murphjr01,0.20192307692307693,0.24434389140271492,18
Jeff Mathis,2018,1,ARI,NL,69,195,15,39,9,1,1,20.0,0.0,0.0,20,66.0,1.0,0.0,1.0,2.0,7.0,mathije01,0.2,0.271889400921659,11
Lewis Brinson,2018,1,MIA,NL,109,382,31,76,10,5,11,42.0,2.0,1.0,17,120.0,2.0,4.0,0.0,2.0,6.0,brinsle01,0.19895287958115182,0.23950617283950618,26
Andrew Knapp,2018,1,PHI,NL,84,187,19,37,6,2,4,15.0,1.0,0.0,24,75.0,1.0,2.0,1.0,1.0,2.0,knappan01,0.19786096256684493,0.29439252336448596,12
Carlos Asuaje,2018,1,SDN,NL,79,189,15,37,8,1,2,19.0,1.0,1.0,24,46.0,1.0,1.0,1.0,3.0,5.0,asuajca01,0.19576719576719576,0.2857142857142857,11
JB Shuck,2018,1,MIA,NL,70,130,10,25,3,1,0,4.0,2.0,2.0,10,22.0,1.0,1.0,1.0,0.0,1.0,shuckja01,0.19230769230769232,0.2553191489361702,4
Magneuris Sierra,2018,1,MIA,NL,54,147,10,28,3,0,0,7.0,3.0,2.0,6,39.0,1.0,0.0,3.0,0.0,0.0,sierrma01,0.19047619047619047,0.2222222222222222,3
Jarrod Dyson,2018,1,ARI,NL,67,206,29,39,4,2,2,12.0,16.0,3.0,27,34.0,2.0,0.0,3.0,1.0,3.0,dysonja01,0.18932038834951456,0.28205128205128205,8
Jose Reyes,2018,1,NYN,NL,110,228,30,43,12,3,4,16.0,5.0,2.0,22,39.0,1.0,0.0,1.0,0.0,5.0,reyesjo01,0.18859649122807018,0.26,19
Matt Szczur,2018,1,SDN,NL,57,75,11,14,3,0,1,6.0,3.0,0.0,8,24.0,0.0,0.0,1.0,0.0,2.0,szczuma01,0.18666666666666668,0.26506024096385544,4
Dilson Herrera,2018,1,CIN,NL,53,87,11,16,5,0,5,11.0,0.0,0.0,8,39.0,0.0,2.0,0.0,0.0,0.0,herredi01,0.1839080459770115,0.26804123711340205,10
Aaron Altherr,2018,1,PHI,NL,105,243,28,44,11,1,8,38.0,3.0,2.0,36,91.0,0.0,4.0,0.0,2.0,13.0,altheaa01,0.18106995884773663,0.29473684210526313,20
Dexter Fowler,2018,1,SLN,NL,90,289,40,52,10,0,8,31.0,5.0,2.0,38,75.0,0.0,3.0,0.0,4.0,2.0,fowlede01,0.17993079584775087,0.27844311377245506,18
Keon Broxton,2018,1,MIL,NL,51,78,15,14,2,2,4,11.0,5.0,1.0,11,28.0,0.0,0.0,0.0,0.0,0.0,broxtke01,0.1794871794871795,0.2808988764044944,8
Brandon Dixon,2018,1,CIN,NL,74,118,14,21,6,0,5,10.0,0.0,0.0,6,43.0,0.0,0.0,0.0,0.0,2.0,dixonbr01,0.17796610169491525,0.21774193548387097,11
Yadiel Rivera,2018,1,MIA,NL,111,139,13,24,3,0,1,9.0,2.0,1.0,19,51.0,3.0,0.0,0.0,2.0,3.0,riverya01,0.17266187050359713,0.26875,4
Tony Wolters,2018,1,COL,NL,74,182,19,31,4,4,3,27.0,2.0,0.0,26,33.0,2.0,6.0,0.0,2.0,6.0,wolteto01,0.17032967032967034,0.2916666666666667,11
Pedro Severino,2018,1,WAS,NL,70,190,14,32,9,0,2,15.0,1.0,0.0,18,47.0,4.0,4.0,0.0,1.0,3.0,severpe01,0.16842105263157894,0.2535211267605634,11
Steve Cishek,2018,1,CHN,NL,80,6,1,1,0,0,0,0.0,0.0,0.0,0,2.0,0.0,0.0,0.0,0.0,0.0,cishest01,0.16666666666666666,0.16666666666666666,0
Sean Rodriguez,2018,1,PIT,NL,66,150,21,25,5,1,5,19.0,1.0,0.0,22,60.0,1.0,1.0,0.0,0.0,1.0,rodrise01,0.16666666666666666,0.2774566473988439,11
Alex Avila,2018,1,ARI,NL,80,194,13,32,6,0,7,20.0,0.0,0.0,37,90.0,2.0,1.0,0.0,2.0,4.0,avilaal01,0.16494845360824742,0.29914529914529914,13
Pat Valaika,2018,1,COL,NL,68,122,8,19,5,0,2,5.0,0.0,0.0,9,30.0,0.0,0.0,2.0,0.0,4.0,valaipa01,0.1557377049180328,0.21374045801526717,7
Eric Sogard,2018,1,MIL,NL,55,97,7,13,3,0,0,2.0,3.0,0.0,12,23.0,1.0,2.0,1.0,1.0,3.0,sogarer01,0.13402061855670103,0.24107142857142858,3
Seth Lugo,2018,1,NYN,NL,54,11,1,1,0,0,0,0.0,0.0,0.0,1,8.0,0.0,0.0,1.0,0.0,0.0,lugose01,0.09090909090909091,0.16666666666666666,0
Ty Blach,2018,1,SFN,NL,50,29,0,1,0,0,0,0.0,0.0,0.0,2,15.0,0.0,0.0,3.0,0.0,1.0,blachty01,0.034482758620689655,0.0967741935483871,0
